label,Recall@1,Recall@5,Recall@10,MRR,rank_col
MGA-CLAP,0.19521531100478468,0.45933014354066987,0.5942583732057416,0.32530452869134,rank
MGA-CLAP + AF3 Reranker,0.24401913875598086,0.49569377990430624,0.6334928229665072,0.36819008591529934,rerank_rank
