label,Recall@1,Recall@5,Recall@10,MRR,rank_col
MGA-CLAP,0.19521531100478468,0.45933014354066987,0.5942583732057416,0.32530452869134,rank
MGA-CLAP + Reranker,0.2851674641148325,0.523444976076555,0.6229665071770335,0.3967613202693982,rerank_rank
