metric,baseline,reranked,absolute_diff,relative_percent
R@1,19.521531100478466,24.401913875598087,4.880382775119621,25.00000000000002
R@5,45.933014354066984,49.569377990430624,3.6363636363636402,7.916666666666676
R@10,59.42583732057416,63.34928229665072,3.92344497607656,6.602254428341394
MedianRank,7.0,6.0,-1.0,-14.285714285714285
MeanRank,15.6,14.436363636363636,-1.163636363636364,-7.459207459207462
MRR,0.32530452869134,0.36819008591529934,0.042885557223959314,13.183203257723653
mAP@10,0.3121926027189186,0.35648173463962884,0.04428913192071027,14.186477044936845
nDCG@10,0.3791286665040229,0.42193021515466417,0.042801548650641286,11.28945195448235
