metric,baseline,reranked,absolute_diff,relative_percent
R@1,19.521531100478466,21.339712918660286,1.8181818181818201,9.31372549019609
R@5,45.83732057416268,47.942583732057415,2.1052631578947327,4.592901878914396
R@10,59.33014354066985,60.66985645933014,1.3397129186602896,2.2580645161290365
MedianRank,7.0,6.0,-1.0,-14.285714285714285
MeanRank,15.64688995215311,14.884210526315789,-0.7626794258373213,-4.874319613479303
MRR,0.32482605979181833,0.3442383847726954,0.019412324980877083,5.976221548640057
mAP@10,0.311714133819397,0.33090833143464726,0.019194197615250264,6.157628266664073
nDCG@10,0.3785249059742891,0.39649701655280406,0.017972110578514944,4.747933437102731
